"NumberOfImages","Mean","StandardDeviation"
"1",0.364767090162655,0.225370681764861
"1",0.402024868647154,0.227380564208887
"1",0.501210807234672,0.184687171463637
"1",0.401301405199602,0.263903588222459
"1",0.4669465889799,0.191361535522206
"1",0.525380435159411,0.225262810612232
"1",0.469576135751675,0.244593746851738
"1",0.653011913736521,0.195171467615698
"1",0.547714930358456,0.189699413253985
"1",0.299620109136243,0.194787526939945
"2",0.371756089676326,0.226215473313309
"2",0.39478233305242,0.224312405300929
"2",0.372026118077896,0.233986012931918
"2",0.387816821162484,0.222302146455436
"2",0.405555453532397,0.235937382590042
"2",0.387240776208263,0.233620805231787
"2",0.450144975453661,0.253673493480734
"2",0.417648127911254,0.23106252595215
"2",0.346271798362383,0.219103161762338
"2",0.456560953604653,0.21086122272766
"2",0.401650249975834,0.246963548338628
"2",0.438239903695268,0.210538601427599
"2",0.475524534635935,0.234080438050498
"2",0.438619662012681,0.239236220411606
"2",0.564094392737524,0.239423193380209
"2",0.494944233039753,0.215825556298034
"2",0.337310301015208,0.213176700986179
"2",0.454467007341927,0.23069161530694
"2",0.483801757958487,0.188883330840453
"2",0.514429052921741,0.208206506335659
"2",0.485651964917743,0.216809106994719
"2",0.592103366638619,0.205010506723051
"2",0.528668474913639,0.189048633199085
"2",0.383415282480501,0.214986046860351
"2",0.436761546354634,0.22994306418186
"2",0.473088495908265,0.249922830798128
"2",0.437076826245439,0.256243040473425
"2",0.559692237227609,0.254105925086839
"2",0.492248308694433,0.231905732027135
"2",0.338745118308458,0.229318197746643
"2",0.498434912893287,0.212314795988351
"2",0.468218633803191,0.218736710006769
"2",0.5769053940055,0.214143384039864
"2",0.514001749804184,0.194514066989448
"2",0.370490215610398,0.210278233654156
"2",0.50054650682305,0.235696483375291
"2",0.595940853793618,0.218575023158834
"2",0.537536913273363,0.20696289563885
"2",0.403913032355386,0.237746178018221
"2",0.580846075830305,0.233818655194449
"2",0.516327805107651,0.216859915599611
"2",0.368920171280464,0.232033825652754
"2",0.6012725760797,0.199567935041243
"2",0.481591445042419,0.263083138471681
"2",0.42522978769203,0.228771808889187
"3",0.395887669774269,0.224797094420871
"3",0.376709909372057,0.233220004728277
"3",0.389972014065447,0.223136775280639
"3",0.405036643510723,0.234701588256976
"3",0.389510693164113,0.232733263233
"3",0.44341828906291,0.250718965735434
"3",0.415445103100633,0.230609770107544
"3",0.354182357067531,0.221152583146895
"3",0.39583885197264,0.231200395281979
"3",0.408143149379933,0.220375560172526
"3",0.422183048457108,0.23072246102684
"3",0.40791128108323,0.229770177220571
"3",0.45860225298668,0.244339585999434
"3",0.431604480129047,0.226143282504846
"3",0.372305100036464,0.221419723230541
"3",0.389989053713076,0.229565650080296
"3",0.404891356416014,0.240520827335491
"3",0.38953311274259,0.23887481309933
"3",0.442887647614088,0.255808588552514
"3",0.415198306368935,0.236345747836738
"3",0.354569598237739,0.227279850461437
"3",0.416515036974974,0.229822544836563
"3",0.402083433571904,0.228465756416007
"3",0.45300346067763,0.244278004862947
"3",0.426105935959141,0.225516449942524
"3",0.367099226559229,0.219362893951057
"3",0.416386712683155,0.238632876001204
"3",0.464685798313837,0.250204788280315
"3",0.438639942041046,0.233868629850012
"3",0.381374619354048,0.231510646392361
"3",0.453276256615949,0.252332289835477
"3",0.426087381995358,0.234098867793906
"3",0.366432414403526,0.228073723969717
"3",0.471852488906778,0.244307340224918
"3",0.417307278600183,0.249906745884656
"3",0.391695722760923,0.228871995513725
"3",0.438552786595684,0.230951192087873
"3",0.460322696272344,0.204072602650372
"3",0.484013858834409,0.219323075337193
"3",0.461081442780674,0.22323928016932
"3",0.545102071442463,0.226152775406934
"3",0.496866296425983,0.206792446935669
"3",0.388140410119404,0.218347820544143
"3",0.426347117500633,0.229727140247125
"3",0.45305999787665,0.245865719897087
"3",0.426311551030168,0.248261173360298
"3",0.519229209320818,0.256921971944271
"3",0.468720130346636,0.234107820966271
"3",0.355437671434335,0.230499483310064
"3",0.472627818185519,0.220616942387409
"3",0.4489968848167,0.223309845702133
"3",0.534087112908793,0.230091740148202
"3",0.486163200616494,0.208864536326817
"3",0.378416348014845,0.215138128293335
"3",0.473601369032686,0.237544067554851
"3",0.550811967708548,0.235377816092991
"3",0.505539212783873,0.219633846832216
"3",0.403462531620135,0.235313792011605
"3",0.536194713409276,0.244785029928053
"3",0.48733861753403,0.225135025459442
"3",0.377410404578725,0.231299311801483
"3",0.557802012170448,0.221786102057606
"3",0.464064642149191,0.257763274562433
"3",0.420047604831273,0.22866419055285
"3",0.458893296574011,0.217636912936624
"3",0.48220075970605,0.231186166359757
"3",0.459603277982664,0.235615649073521
"3",0.54234636927558,0.237166252076525
"3",0.494947184205974,0.218798776844058
"3",0.38820244857635,0.229238745496792
"3",0.499291708877889,0.204188816890975
"3",0.479213452567266,0.208588254030118
"3",0.555432607489328,0.209017658312214
"3",0.510320348717917,0.191823132545118
"3",0.408505675100761,0.211662723086753
"3",0.500755746232386,0.220902469432345
"3",0.570333104079572,0.214126901248783
"3",0.527580761162725,0.201753369995011
"3",0.430844817231632,0.228502817485269
"3",0.557830900190297,0.223676230426975
"3",0.511893961028798,0.208052283149464
"3",0.408133706993319,0.22724531017427
"3",0.575836774461922,0.200677508058891
"3",0.486624587034185,0.245519940887057
"3",0.444978602510132,0.220700847889866
"3",0.471054637894079,0.232188195760115
"3",0.447789412087215,0.235476607390085
"3",0.53155372939889,0.240638543394733
"3",0.484455943219079,0.220523690722268
"3",0.378655059377339,0.226139332045028
"3",0.471975413175148,0.248249229021023
"3",0.54811914696831,0.245292547648165
"3",0.503583992825013,0.230189856711944
"3",0.40325547268394,0.244595912589957
"3",0.53357382420382,0.254686721211803
"3",0.485575985854003,0.235934658248205
"3",0.377672594329069,0.241489791427281
"3",0.555163993881924,0.231939809395332
"3",0.462902719955097,0.265449566194524
"3",0.419584372518783,0.237744060164036
"3",0.489727508392005,0.222939308492124
"3",0.560241928087691,0.21912921779519
"3",0.517732324058542,0.205171369507094
"3",0.421771473582694,0.227354667069134
"3",0.547166433258834,0.228110360466967
"3",0.501511060363455,0.210752061369223
"3",0.398642450966164,0.225050537404515
"3",0.5662968694639,0.206073606823768
"3",0.477743441064105,0.246352303842808
"3",0.436334190883011,0.220209198239159
"3",0.562590119627514,0.232501102658871
"3",0.519349128573238,0.219739604995682
"3",0.421661904356008,0.241382274339906
"3",0.579151401621364,0.210233037535714
"3",0.494466636030901,0.253336474236594
"3",0.45504485926101,0.232289746867494
"3",0.568604760175738,0.219139979858576
"3",0.47858335387743,0.258628722819456
"3",0.436479543635446,0.233683234123679
"3",0.503557419719239,0.243195767240397
"4",0.396650003302717,0.230711415476091
"4",0.407360148581187,0.221292698403611
"4",0.419671619031232,0.230403854440188
"4",0.407150219042669,0.229469983049015
"4",0.451846767983326,0.243069346926461
"4",0.428046307938057,0.226495893306443
"4",0.375899067757226,0.222359207232843
"4",0.391559006455552,0.229316488190835
"4",0.404527544746291,0.238893946863442
"4",0.391179594642695,0.237428126949128
"4",0.437921035728511,0.252876006999619
"4",0.413585024517617,0.235304760284588
"4",0.360412537799045,0.227825400221702
"4",0.414718745529095,0.229569809491006
"4",0.402075900726266,0.228325328331167
"4",0.446945518428562,0.242891553644588
"4",0.423223109948187,0.225874671890639
"4",0.371302332137317,0.220634956983927
"4",0.414588626906447,0.237299854573937
"4",0.457423166534017,0.24847713977347
"4",0.434365462860653,0.233415813761373
"4",0.383797739563653,0.23112438211872
"4",0.447127872616663,0.250024913840495
"4",0.423179127546772,0.233427922308399
"4",0.37075709982398,0.228284906383652
"4",0.464019385545632,0.243465779868884
"4",0.415584467803152,0.247516157078477
"4",0.392868324139965,0.228725643459118
"4",0.407211677628087,0.226804185798014
"4",0.419414754563257,0.235495502620381
"4",0.407002224402352,0.23476867812769
"4",0.451319133828886,0.247647556240793
"4",0.427724445287364,0.231542637978231
"4",0.376037305776131,0.227539491569438
"4",0.428996602742146,0.225748241333763
"4",0.417225437724491,0.225177884808854
"4",0.459821118193169,0.237357242171471
"4",0.436804192149995,0.221722080157129
"4",0.386300731148536,0.219818610633807
"4",0.429008128191304,0.233363817261007
"4",0.469727147028508,0.242544999369842
"4",0.447337076428453,0.228695189510086
"4",0.398114876745282,0.229347790133853
"4",0.4601182493598,0.244402933451162
"4",0.436888317018711,0.229175796066056
"4",0.385910720325177,0.227321435645843
"4",0.475777550455248,0.237415464917274
"4",0.428578803550978,0.243852466469705
"4",0.406508699854053,0.226524394162747
"4",0.414508099508646,0.234657177094197
"4",0.401976431179328,0.233630965089086
"4",0.446463036502462,0.247443219476403
"4",0.422945066725765,0.230910295507317
"4",0.371480419857226,0.225848177339425
"4",0.4143770982292,0.242204560076183
"4",0.45686351521348,0.252795537639704
"4",0.433998980638727,0.238125895497272
"4",0.38386402225321,0.235891504217864
"4",0.446639232245528,0.254430062554569
"4",0.422898828412418,0.238285427125999
"4",0.370941741882025,0.233309912320497
"4",0.463423356750936,0.247788180192499
"4",0.415385603122157,0.251680930185686
"4",0.392857021474851,0.233406545172902
"4",0.424119186087747,0.232739724777243
"4",0.46500664189188,0.24272465794144
"4",0.442685283926513,0.228493260788915
"4",0.393664808454113,0.228164518946554
"4",0.455282218523767,0.24438698504073
"4",0.432126462178148,0.228745952904287
"4",0.381365258339314,0.22584861390377
"4",0.471178004232323,0.237733594977615
"4",0.424164641664971,0.243264435515055
"4",0.402162085582058,0.22553864970785
"4",0.465341990653405,0.249463723689563
"4",0.442820367230163,0.235582877029687
"4",0.39335331479855,0.235277841340777
"4",0.480257637507336,0.242199688888028
"4",0.434356850169725,0.24931405362208
"4",0.412926350077939,0.233471952140684
"4",0.471556667142726,0.24434472930499
"4",0.424132703246984,0.249839866342436
"4",0.401935577342533,0.232493500895231
"4",0.441148322742686,0.245265074733517
"4",0.44641354151185,0.221066690267174
"4",0.465390784573256,0.2326918578222
"4",0.446743598780159,0.235026246178282
"4",0.514929092104261,0.241773412479744
"4",0.476568976407358,0.223605527305033
"4",0.390960140985793,0.228934117332388
"4",0.479670433730882,0.212684903508001
"4",0.462667515177461,0.215099584419922
"4",0.526518661559221,0.220901964207995
"4",0.489668188368528,0.203587832063118
"4",0.407259362431493,0.214788176049373
"4",0.480514867291135,0.225790104558058
"4",0.53983338698168,0.226082245774683
"4",0.504570310713269,0.212317825724623
"4",0.425520285046067,0.228568094190696
"4",0.528018690003144,0.232607408418245
"4",0.490619508470111,0.216331894978251
"4",0.406940706706879,0.22728290161981
"4",0.545894632449526,0.21574920111075
"4",0.471940005026041,0.244575232078976
"4",0.437441860141433,0.222486548197468
"4",0.456702378739488,0.232886020328585
"4",0.437659077283809,0.234477765888417
"4",0.506442149374934,0.243567812741033
"4",0.468281098168882,0.224286113838784
"4",0.383280499352982,0.226575196990116
"4",0.457187535677559,0.245650550416213
"4",0.52091766560574,0.248647093294986
"4",0.484454159411045,0.233069432006848
"4",0.40302174589921,0.241419532573934
"4",0.507671811639598,0.254968873490545
"4",0.468921834374593,0.236618867322894
"4",0.38256945890578,0.238917362816729
"4",0.528095139826444,0.238406837478408
"4",0.452057996928882,0.260121406055458
"4",0.41642147286164,0.236005885108444
"4",0.471894276948212,0.226613793579359
"4",0.531777898002842,0.228851631784603
"4",0.496681629141935,0.214090959014001
"4",0.418150110216326,0.227486178848538
"4",0.519606440132401,0.234970307688994
"4",0.482395659924516,0.21760483447165
"4",0.399297868778278,0.225506150501005
"4",0.538192466113415,0.218798286137299
"4",0.464691356015447,0.244862090734094
"4",0.430356312585188,0.221855865035267
"4",0.533284940040461,0.239735036245617
"4",0.497691368615944,0.225803841575739
"4",0.418007409458838,0.238959338801638
"4",0.549911748159991,0.223070033107568
"4",0.479095414398025,0.251572266667871
"4",0.446137034306952,0.23231802244896
"4",0.539712958607681,0.229429604628148
"4",0.465203320315862,0.255106295374373
"4",0.430392106669543,0.23295150159614
"4",0.487442477451533,0.243595629396081
"4",0.478375756429038,0.221969668455638
"4",0.461558120845412,0.224709732883711
"4",0.524664424420148,0.229487964245073
"4",0.488304373241391,0.212942261758443
"4",0.407038716301782,0.223310080918808
"4",0.479186825714707,0.234516510596241
"4",0.537873759947299,0.234204761956342
"4",0.503059858600495,0.220949000063649
"4",0.42506228542122,0.236139528832301
"4",0.526115758710474,0.240754529497073
"4",0.489221598552299,0.225126772433281
"4",0.40672121957523,0.235306871545004
"4",0.543954354063604,0.224018932807803
"4",0.470921584155841,0.251189080965483
"4",0.436854024693841,0.229981016355423
"4",0.492456626864963,0.214521614358302
"4",0.547767403047799,0.213679160247868
"4",0.514203194033685,0.20108404628645
"4",0.43887134498057,0.2212944803417
"4",0.536938118278139,0.22002199454633
"4",0.50144347106391,0.205172416406053
"4",0.421919280289921,0.220770606374961
"4",0.553192528872982,0.203628297037937
"4",0.48250269106896,0.235345408849439
"4",0.44962794676946,0.215012099526375
"4",0.549438668582019,0.224536136863153
"4",0.515420065669563,0.21276752808439
"4",0.439028424839026,0.232532131809477
"4",0.563990481712365,0.207814514351312
"4",0.495787720088415,0.241445146828191
"4",0.464178737166419,0.224430749401337
"4",0.554855762121945,0.214291963383864
"4",0.483233586626974,0.245428764116129
"4",0.449922620640734,0.22591988712427
"4",0.503117950402196,0.23335826171628
"4",0.470704506426538,0.235184057433433
"4",0.529937904718405,0.236724564994821
"4",0.495286690886701,0.222519777895157
"4",0.417793964913611,0.235039599777528
"4",0.517834196110687,0.242884678757881
"4",0.481123492059783,0.226220319288474
"4",0.39918793939589,0.233549256079703
"4",0.536361487717688,0.226803206134327
"4",0.463771048883046,0.251392854965664
"4",0.429862589409198,0.229311233426306
"4",0.531398580033097,0.247241656648824
"4",0.496262669217536,0.233782355924667
"4",0.4176480073423,0.246116766290254
"4",0.548003068596954,0.230702069195902
"4",0.478032448179654,0.257689085361623
"4",0.445467251512434,0.239115393938288
"4",0.537837841331847,0.237062696526159
"4",0.464263876020484,0.261343064928564
"4",0.429891083922957,0.240024193740535
"4",0.486330550614629,0.249754329117145
"4",0.541571603911734,0.227580075430791
"4",0.507707715688997,0.214866885608444
"4",0.431800257237075,0.231894389329284
"4",0.556751400360589,0.211414617709719
"4",0.488934327668926,0.242404875150766
"4",0.457461271504788,0.224634240378623
"4",0.547326673705873,0.217589980822909
"4",0.476129830980105,0.246025767890391
"4",0.442970416942421,0.225677983505094
"4",0.496519015990199,0.23456648749162
"4",0.558392538303125,0.22136328291953
"4",0.489717835897127,0.251880341637567
"4",0.457845215029298,0.234779440587579
"4",0.508306279797998,0.23957581172034
"4",0.497360806208377,0.243803172640946
"5",0.406628088276775,0.226874031571216
"5",0.417503874645904,0.234679600003052
"5",0.406437152276224,0.233946000951076
"5",0.446102209270395,0.246048650769294
"5",0.424986670636108,0.231237858301282
"5",0.37881873783237,0.227663342589325
"5",0.426092710010616,0.226078217623946
"5",0.415535739368534,0.225473438368992
"5",0.453823530884743,0.236996980012749
"5",0.433171773732334,0.222573164576091
"5",0.38795053700706,0.220675861886479
"5",0.426077940363152,0.232871957254834
"5",0.462853310747006,0.241913763200789
"5",0.44270742458311,0.228971975967079
"5",0.398516165387843,0.229148836644532
"5",0.454039734111048,0.243327439045141
"5",0.433216657990398,0.229236401719879
"5",0.387615653344499,0.227380782746979
"5",0.468501127302536,0.237464203292721
"5",0.425947628112137,0.242399328593471
"5",0.4060616650497,0.226612994861366
"5",0.413142408528847,0.233903639852994
"5",0.401981905272337,0.232932007976884
"5",0.441779936713121,0.245784406913967
"5",0.420725927658746,0.230627497324784
"5",0.374735588733981,0.226207468045148
"5",0.413013895021266,0.24064359882793
"5",0.451211059262928,0.250849156313056
"5",0.430682114701062,0.237233394238263
"5",0.3857565545173,0.235083562884385
"5",0.441897882186881,0.252067904783504
"5",0.420665782350203,0.237229637202437
"5",0.374282594121727,0.232878011380906
"5",0.457276321787924,0.246510375907392
"5",0.414042074351732,0.249375999163541
"5",0.39378469447466,0.232819420203761
"5",0.42173031434816,0.232266664235936
"5",0.458638033144978,0.241962798577392
"5",0.438547883445538,0.228709982702104
"5",0.394519294711626,0.228097669661827
"5",0.449733019168003,0.243214604706929
"5",0.428969644005574,0.228788188059458
"5",0.383541873740465,0.22609855038069
"5",0.464382281829488,0.237628750079744
"5",0.421979546918639,0.241832527534528
"5",0.402148459676633,0.225721346321629
"5",0.458887640262038,0.248042993455249
"5",0.438635402309725,0.235079860987691
"5",0.394246892390438,0.234490271757377
"5",0.472727050493037,0.241915041123808
"5",0.431231437468357,0.247462485433477
"5",0.411866202676916,0.232908123886462
"5",0.464669987149082,0.243603720504953
"5",0.421933523285047,0.24778449193722
"5",0.401944514622491,0.23198594402695
"5",0.437468345618241,0.243905527232537
"5",0.425819784396614,0.230613615618488
"5",0.415340021108002,0.230159687216962
"5",0.453349404839195,0.241135525264102
"5",0.432852746673872,0.227078662347188
"5",0.387977913596865,0.225224989703746
"5",0.425802797297533,0.237262560286074
"5",0.462322115010503,0.245865860129231
"5",0.442323834399983,0.233228031637715
"5",0.39846343491539,0.233378003717083
"5",0.453560039871846,0.247346335707942
"5",0.432894636691338,0.233599722337853
"5",0.38764585571124,0.231784619079955
"5",0.467943970517099,0.241421525709068
"5",0.42569733963387,0.246189521374251
"5",0.405955255347564,0.230789309143907
"5",0.434061989628229,0.22857847161552
"5",0.469380209548682,0.236764783252115
"5",0.449798873413595,0.224442954803215
"5",0.406793904958825,0.22606880400139
"5",0.460995585636077,0.238260289059198
"5",0.440774835496511,0.224870617110501
"5",0.396435864000065,0.224636110030213
"5",0.474706057726861,0.232332015984623
"5",0.433253800673517,0.238406535605795
"5",0.413917150334391,0.223393569985653
"5",0.469709351319862,0.242786379243847
"5",0.44997407368308,0.230748675034751
"5",0.406625789978234,0.232371001864262
"5",0.482669734614439,0.236387030952629
"5",0.44208487884089,0.243663512937785
"5",0.423191771369805,0.230082083956844
"5",0.475067050733035,0.238256100460031
"5",0.433295916264667,0.24428747643138
"5",0.413809147582849,0.229576542105245
"5",0.447907956337355,0.239966125414056
"5",0.421490811210153,0.236649756686047
"5",0.458140236050291,0.245889225062515
"5",0.438196886390379,0.232949135863852
"5",0.394496735800524,0.23233594243688
"5",0.449288217131292,0.247211659840682
"5",0.428681621994628,0.233139691287731
"5",0.383603415080162,0.230519024267181
"5",0.463856996460859,0.241557710208386
"5",0.421758968411337,0.245616918463392
"5",0.402070972221657,0.229902258592806
"5",0.458383977509043,0.251861487623694
"5",0.438280908881734,0.239192905981806
"5",0.394226208518152,0.23860139210547
"5",0.472153515007666,0.245686436935189
"5",0.430949752960332,0.251057287719879
"5",0.411720982323809,0.236834576907306
"5",0.46413850998728,0.247425930627792
"5",0.421711550703059,0.251465779099613
"5",0.401867912867599,0.236043113471392
"5",0.437151157069811,0.24748684970641
"5",0.465542981407042,0.242948285965556
"5",0.445861081927697,0.230615659615876
"5",0.402669305235656,0.231478662584909
"5",0.478680899766389,0.236786869065274
"5",0.43823315427595,0.243374043326354
"5",0.41938935817942,0.229512249559537
"5",0.470995188378032,0.238526101158461
"5",0.429369310913115,0.243845701368236
"5",0.409935130705721,0.228831300827011
"5",0.444136106323919,0.239785483655224
"5",0.479063121245707,0.242491051444299
"5",0.438311823248579,0.249035935561268
"5",0.419325491777244,0.23543762563482
"5",0.452329853851936,0.244380960024109
"5",0.444256042926041,0.245351305970272
"5",0.465716219811744,0.224676046870924
"5",0.451184651543895,0.226305378904328
"5",0.505440566179784,0.233455016579484
"5",0.47464751400465,0.217581933980137
"5",0.40623955258431,0.223969930565679
"5",0.466222089167896,0.235108091989734
"5",0.517266357638708,0.238218979845931
"5",0.487588269096952,0.224907122262735
"5",0.42151072172794,0.234956487966166
"5",0.506419206260452,0.242949717274253
"5",0.475243846076593,0.227746248695964
"5",0.405963065063357,0.234050432969655
"5",0.523321497031376,0.230015693934227
"5",0.46084160973518,0.249040585258165
"5",0.431711768678893,0.229929842444976
"5",0.477726768159137,0.219224863636886
"5",0.526271162443444,0.221856684973237
"5",0.497505087407917,0.209059128100277
"5",0.43335063386465,0.22260441983231
"5",0.516143212806156,0.226472123890566
"5",0.485971977842368,0.211869838475902
"5",0.418802070459684,0.221935764184494
"5",0.531800312612283,0.213749564764964
"5",0.471042987829578,0.235908906878834
"5",0.442789208213496,0.217472961286922
"5",0.527438221156469,0.231012776409054
"5",0.498338899046006,0.218822903798579
"5",0.433417412648973,0.232136727054524
"5",0.541739913919993,0.21786437750663
"5",0.482828758178371,0.24172505824314
"5",0.455514348924285,0.225871312734022
"5",0.532982350847391,0.222738333924354
"5",0.471537540421504,0.244578625433878
"5",0.442962135269766,0.226760616651631
"5",0.489678186927478,0.235090282608096
"5",0.459242266961036,0.235296161532679
"5",0.510651745307944,0.239747932687236
"5",0.48109265438686,0.225764431266428
"5",0.415377872128517,0.23395000484541
"5",0.499568517569476,0.244180429108236
"5",0.468524936522066,0.228246867769964
"5",0.399642970137714,0.232571771309372
"5",0.516945725084416,0.231750541219317
"5",0.454789977199016,0.248996948184861
"5",0.425776777131853,0.229239358414687
"5",0.511655783315729,0.248704117805986
"5",0.481744614549718,0.23527884221562
"5",0.415224791958831,0.243369664812181
"5",0.527533959647203,0.235751174288634
"5",0.467308780285329,0.255007728847019
"5",0.439284121012773,0.23796391269852
"5",0.517980776989938,0.24050618142628
"5",0.455105328568684,0.257571863835871
"5",0.425752853231494,0.23839376661998
"5",0.474898350518195,0.248519940334307
"5",0.520869269971235,0.232892704152664
"5",0.491883961556388,0.220040290737214
"5",0.427312596623714,0.231463671512347
"5",0.535611888377125,0.220174384173424
"5",0.476988838887665,0.242249701246103
"5",0.449776311965188,0.225829681910448
"5",0.52664961737967,0.224814781516207
"5",0.465518242527647,0.244822175451016
"5",0.437054728054046,0.226381634476889
"5",0.484023221902261,0.235810466051999
"5",0.536794459080823,0.228658938505578
"5",0.477531635266969,0.250462750244695
"5",0.450020890266855,0.234557137326329
"5",0.494636230413723,0.24068569883712
"5",0.484619889482535,0.243839397529823
"5",0.476701530413205,0.226473072534687
"5",0.524818437441878,0.228584648556936
"5",0.49635204886122,0.216215945074285
"5",0.432892524165857,0.229018264282805
"5",0.514739856314446,0.23324330996069
"5",0.484898218416465,0.219156874564734
"5",0.418489729474833,0.228637694471569
"5",0.530348679486447,0.220567442395096
"5",0.470214950360013,0.241642403979027
"5",0.442250629445546,0.223843663136832
"5",0.525955737308621,0.237468193441097
"5",0.497163040978224,0.225652433242006
"5",0.43295310749789,0.238265874458749
"5",0.540230396227194,0.224390938236092
"5",0.481905682098833,0.247146629484324
"5",0.454861848895825,0.231783713863286
"5",0.531502022190677,0.22927965617635
"5",0.470694924433789,0.250089353163591
"5",0.442415569918959,0.232852596157044
"5",0.48872331273473,0.240543555531229
"5",0.534490730682999,0.221191260176579
"5",0.506557680118199,0.209854766614341
"5",0.444165298494292,0.225780089089313
"5",0.547755150291142,0.208325927555909
"5",0.490934441895059,0.234017343097005
"5",0.464648377490791,0.219172965433528
"5",0.539555991291252,0.213102465275737
"5",0.48038175439253,0.236934620529259
"5",0.452929319700276,0.220305737840819
"5",0.497255270645085,0.227469485417234
"5",0.549031878892822,0.216820391386075
"5",0.491610346948486,0.242138537854664
"5",0.465046163970203,0.227798851599112
"5",0.507222446173767,0.232046536068682
"5",0.497971191698499,0.23542646011726
"5",0.519466739059846,0.239201393370947
"5",0.490785719079537,0.226748609566848
"5",0.426918300914259,0.237570240516074
"5",0.534171805967437,0.226538187419199
"5",0.476129512836426,0.247604668724219
"5",0.449185580128628,0.231696211090202
"5",0.525243545155398,0.231201373760912
"5",0.464743435551738,0.250274899163574
"5",0.436573691159713,0.23244001548355
"5",0.483128082821357,0.24119099077845
"5",0.5353267931433,0.234783941555362
"5",0.476657405599626,0.255623162605315
"5",0.449421142936535,0.240187037881083
"5",0.493665442438841,0.245813117299368
"5",0.483709508878606,0.249027214092301
"5",0.543013627105371,0.219291408097263
"5",0.485865792570839,0.242854808047872
"5",0.459397709261222,0.227983829846102
"5",0.501813569639605,0.233154256798915
"5",0.492406244947208,0.236322152212315
"5",0.502552238709849,0.240721175333955
"6",0.423523424244823,0.230409895231456
"6",0.414017749704556,0.229918822969164
"6",0.448557406790208,0.240348190523704
"6",0.429957725720063,0.227284165565809
"6",0.389302500061554,0.225465667580433
"6",0.423490353366286,0.236423823495295
"6",0.45680198395497,0.24484923704971
"6",0.438613499158599,0.232986518129095
"6",0.398792664637594,0.232831544214433
"6",0.448712431010248,0.245997118547422
"6",0.429973899049851,0.233192682772271
"6",0.389011984914139,0.231407384451792
"6",0.462063443262432,0.24093535078423
"6",0.423577276290319,0.244656657191812
"6",0.405601295440261,0.23048634934725
"6",0.431002170810059,0.228657455485904
"6",0.463318072955684,0.236720826569935
"6",0.445475020842453,0.225127246022219
"6",0.406360558843441,0.226191658182901
"6",0.455544782266954,0.237888737930722
"6",0.437172479154765,0.225385362823678
"6",0.396957565151876,0.224898749223063
"6",0.468329058704147,0.232810908679071
"6",0.430503224561611,0.237620084436227
"6",0.41286396387951,0.223774241055901
"6",0.463573735559579,0.242210428020293
"6",0.445602945798064,0.230855808368365
"6",0.406204681027403,0.231921702590625
"6",0.475723629886434,0.236707913306246
"6",0.438621363031017,0.242559631749182
"6",0.421351875636812,0.229925098015974
"6",0.468613409466662,0.238218214808794
"6",0.43052222909705,0.242997391729059
"6",0.412758133903192,0.229405345430902
"6",0.44403689890756,0.23926929105385
"6",0.419605076039971,0.235837220282581
"6",0.453021758200361,0.244792102423963
"6",0.434878782071816,0.232677459445396
"6",0.395190086594809,0.231893387860502
"6",0.444859155151479,0.245806766011525
"6",0.426169039702951,0.232732488254011
"6",0.385346961918735,0.230286124264832
"6",0.458360740688465,0.24097395035733
"6",0.419997948596515,0.244109027634804
"6",0.402066835213282,0.229676321980576
"6",0.453205756616913,0.250241698112391
"6",0.43493069065543,0.23835654374419
"6",0.394949767635367,0.23759260832145
"6",0.466035449099892,0.244944068917753
"6",0.428416649020624,0.249207177207745
"6",0.41086721595965,0.236032568476664
"6",0.45857797658114,0.246336460676254
"6",0.419942223149865,0.249459093356456
"6",0.40188209805628,0.235272553929088
"6",0.434150275480694,0.246028686165637
"6",0.459805922123067,0.242267757646693
"6",0.441879469691101,0.230667127998306
"6",0.402610537719206,0.231107236569749
"6",0.472101108382088,0.236968347435636
"6",0.435113477445777,0.242250091745669
"6",0.41788522820272,0.229379629855005
"6",0.464922850915313,0.238367566447232
"6",0.426952510806246,0.242558981835495
"6",0.409232148488839,0.22871303980845
"6",0.440595262080965,0.239052366483472
"6",0.47240513573335,0.242191121314588
"6",0.435163828180928,0.247442593239439
"6",0.417816513432056,0.234795885850781
"6",0.448174368265547,0.243415245034946
"6",0.440681242839141,0.244163859614763
"6",0.43072544280475,0.232631922608985
"6",0.462843722135689,0.240341315184652
"6",0.445116553756367,0.228997472024848
"6",0.406261520208501,0.230013358100075
"6",0.455110436403203,0.241565080405235
"6",0.436860981355939,0.229340637421106
"6",0.396920249126456,0.228851119863315
"6",0.467834283484578,0.236435116675792
"6",0.430251113174471,0.241096867243855
"6",0.412725146163754,0.227558830718927
"6",0.46309429160008,0.245740088121121
"6",0.445241044995069,0.234621447956792
"6",0.406105974354546,0.235639724721286
"6",0.475191101697512,0.240200416455311
"6",0.438322329992152,0.245883128288005
"6",0.42116144473321,0.233510666974251
"6",0.468113340782189,0.241752311805373
"6",0.430268229628959,0.246387820124081
"6",0.412619032176782,0.233088410677948
"6",0.443711502862741,0.242584565635072
"6",0.469400718925128,0.237595545402306
"6",0.451880546037525,0.226728670408079
"6",0.413427974489185,0.228911567403027
"6",0.480998895563815,0.232067684437111
"6",0.44473662203271,0.238754585700738
"6",0.427883193003747,0.226651916994432
"6",0.474182351793105,0.233617606683218
"6",0.436975971929576,0.239300773978351
"6",0.419651627690266,0.226302390078269
"6",0.449890575654036,0.235444546357877
"6",0.481357138236567,0.237254298953296
"6",0.444851074409687,0.243896714078857
"6",0.427883722279736,0.232012438999627
"6",0.457173168922615,0.239577347047767
"6",0.450036312877958,0.240510288895225
"6",0.459353181756939,0.245776519552042
"6",0.441543700354729,0.234418005472295
"6",0.40253624373523,0.234828758386079
"6",0.471593231879,0.240435821578546
"6",0.434837661044997,0.24556428043258
"6",0.417717500173376,0.232962050261168
"6",0.464448389555969,0.241878848907421
"6",0.426722565913549,0.245942890543863
"6",0.409116540318812,0.232396625015575
"6",0.440292206105797,0.242356450077293
"6",0.471891866499471,0.245576149417639
"6",0.434885802930967,0.250677973877011
"6",0.417648070993671,0.238286988547566
"6",0.447830628161616,0.246588493104468
"6",0.440375627833517,0.247390242192019
"6",0.477771268947364,0.237593230778069
"6",0.441376176132658,0.243677751898953
"6",0.424448561596932,0.231569833071353
"6",0.45382087431724,0.239551063866338
"6",0.446626646717115,0.240378572914116
"6",0.453989014755467,0.244453565549452
"6",0.466348800116832,0.228062555190684
"6",0.509183496374864,0.232068864977196
"6",0.484246265095525,0.219954074021379
"6",0.428908629340472,0.229040344770022
"6",0.499833791765891,0.235590182668033
"6",0.473848151380301,0.222064182708482
"6",0.416281460991328,0.228537194352801
"6",0.514584786898879,0.225385929538269
"6",0.461792848090646,0.240972516107654
"6",0.437244113612229,0.224678535212637
"6",0.510014793419261,0.239810202566336
"6",0.484827448569449,0.228125928072294
"6",0.42892005534494,0.237102519380441
"6",0.523684881994987,0.229184317279673
"6",0.472292202720518,0.246226876014128
"6",0.44845532384838,0.231895490966239
"6",0.515439744736196,0.232986680483234
"6",0.462129525225111,0.248408025978611
"6",0.437338340771296,0.232556545164288
"6",0.478637199054916,0.240659325566759
"6",0.51785356507399,0.226276045457917
"6",0.493325952790913,0.214980400357539
"6",0.438801439009458,0.226419344379498
"6",0.530692156443625,0.215793359818118
"6",0.480470702403352,0.234998073968941
"6",0.457224167549253,0.221089671332046
"6",0.522882756397864,0.219521645459813
"6",0.470831646096252,0.237179187843732
"6",0.446677955719278,0.221815769659112
"6",0.486413296855718,0.229460777672756
"6",0.531657843058156,0.223197820046953
"6",0.480967587149547,0.242172620026222
"6",0.457503782681995,0.228664590188427
"6",0.495528864633059,0.233880875444823
"6",0.48694804319586,0.236502578771172
"6",0.504438049555067,0.240935982243463
"6",0.479336591951867,0.228771920219895
"6",0.423689090814178,0.236420110380486
"6",0.518427260335348,0.230645502301556
"6",0.467254054849545,0.246446751628562
"6",0.443495001223649,0.231688534087223
"6",0.510033397112902,0.234265086699812
"6",0.456959351786005,0.248409739072977
"6",0.432252604672286,0.232093730415217
"6",0.473736745182656,0.241032712379803
"6",0.519292923660483,0.23789017109332
"6",0.467632883569722,0.253545438768015
"6",0.443646806209603,0.239165519333519
"6",0.483308992979007,0.245519328448445
"6",0.474163055055274,0.247986911036354
"6",0.526429527439272,0.224892018395393
"6",0.47595275446851,0.242591177836814
"6",0.452564160090927,0.228667428353999
"6",0.490770499024795,0.234619343204361
"6",0.482070109049581,0.237067271052687
"6",0.491328784615262,0.241353131586286
"6",0.516691937989483,0.231835323627169
"6",0.492382571755756,0.220857204554271
"6",0.438360834884299,0.231773837318957
"6",0.529498449605232,0.221384915674793
"6",0.479703823077299,0.239809377104762
"6",0.45665356231557,0.226287041779507
"6",0.521716481039376,0.225137751935487
"6",0.47012373236804,0.242064979946522
"6",0.446181894547048,0.227147120710439
"6",0.485621659157317,0.234293169739311
"6",0.530444669861923,0.228601581196095
"6",0.48018921207053,0.246828599222297
"6",0.456925350805324,0.233677212746088
"6",0.494681536177178,0.238509402760221
"6",0.486144742367342,0.241180455191706
"6",0.537160194003921,0.215270456749257
"6",0.488025319423253,0.235598659172781
"6",0.465324386040368,0.222837247964894
"6",0.501734044338559,0.227351612346863
"6",0.493605719035501,0.229990024059272
"6",0.502373725933952,0.23403929269263
"6",0.525267078839993,0.230190335659394
"6",0.475221470087664,0.2471989206845
"6",0.452031559366444,0.23364485516285
"6",0.48996549393089,0.239191326378261
"6",0.481311334991997,0.241692958597257
"6",0.490512132776355,0.24578712912005
"6",0.497679572943471,0.234898748744312
"7",0.428239285577202,0.232321281630157
"7",0.457852314138405,0.239884893721048
"7",0.441561963458605,0.229170630980304
"7",0.405910775778787,0.229798777627484
"7",0.450646689991956,0.240854858432426
"7",0.433916434833103,0.229379654085318
"7",0.397353323969221,0.228730399725833
"7",0.462557406352619,0.236397797761983
"7",0.427979836632645,0.240144250702093
"7",0.411859819901075,0.227562403474866
"7",0.458049438191963,0.244852876752579
"7",0.441652678030162,0.234331639165015
"7",0.405765871167944,0.234964516629415
"7",0.4694226994052,0.240025226756121
"7",0.435450733636624,0.244665928959357
"7",0.419640047094168,0.233086017659719
"7",0.462780125776122,0.241296056648066
"7",0.427980959120889,0.245023935162008
"7",0.411756749360762,0.232646399978364
"7",0.440486665475137,0.241698640611755
"7",0.463919871565276,0.237495631164698
"7",0.447804399580056,0.227192361514115
"7",0.412492318207432,0.228807010141564
"7",0.474863388895165,0.232668637891934
"7",0.441407007905281,0.238162249373758
"7",0.425857624262481,0.226814827888781
"7",0.468446250322015,0.233942941022179
"7",0.434187854063936,0.238559100477149
"7",0.418238531038665,0.226438898044047
"7",0.446240719846408,0.235182097896638
"7",0.475155536214465,0.237453542229978
"7",0.441491740488617,0.242914202500135
"7",0.425845431871399,0.231754787774092
"7",0.453035111373876,0.239124928155901
"7",0.446353039488549,0.239868442349843
"7",0.454633026303765,0.244821197448504
"7",0.438273234360302,0.234096273052984
"7",0.40249376983047,0.234218468231859
"7",0.466125785680977,0.240165658620518
"7",0.432249963739776,0.244338901844134
"7",0.416473871700778,0.232562557195464
"7",0.459427192823492,0.241342135998756
"7",0.424728919026576,0.244588670656435
"7",0.408541212710398,0.232001101269388
"7",0.437341045453957,0.241449878898234
"7",0.466366463714511,0.244912754998889
"7",0.432277976161162,0.249066554189301
"7",0.416402102933231,0.237472611550026
"7",0.444355114431669,0.245483057913055
"7",0.437399808004416,0.246109189905334
"7",0.471868503950571,0.237681403382647
"7",0.438299104852589,0.242672311414157
"7",0.422686617616439,0.231321424402128
"7",0.449946026352031,0.23905013737563
"7",0.443215454918873,0.239702017238839
"7",0.450078354336948,0.243595811848217
"7",0.463487268223875,0.240758406049617
"7",0.44746638394736,0.230653462101746
"7",0.412365879320384,0.232211493122938
"7",0.474387665733537,0.235898306096728
"7",0.44112126246992,0.2412457527926
"7",0.425659976611722,0.230115651651676
"7",0.467997014859996,0.237208984506108
"7",0.433937788468061,0.241698038093329
"7",0.418081144984062,0.229817778667936
"7",0.445934103983055,0.238259261555813
"7",0.474675198959731,0.240612138067737
"7",0.441203737003697,0.245930065809818
"7",0.425646624715791,0.234978284370169
"7",0.452695902351678,0.242091899208228
"7",0.446043933015294,0.242878720985859
"7",0.479964461761623,0.233252014229654
"7",0.446993636871711,0.239396771637648
"7",0.431689681357338,0.228663241307963
"7",0.458080521411014,0.23553368791862
"7",0.451640731423759,0.236337991491744
"7",0.458258500968648,0.240045367753315
"7",0.471408477567048,0.240819605174674
"7",0.438030339000079,0.245679563946705
"7",0.422506666197412,0.234540758027247
"7",0.449624810437034,0.242005438353145
"7",0.442924921897924,0.242702298038419
"7",0.449754497524941,0.246489323204493
"7",0.455195467680777,0.240035705502354
"7",0.504001812349225,0.234125788789125
"7",0.48231379221859,0.223409282199421
"7",0.434291970271537,0.231568709295263
"7",0.516240122549154,0.22539970890557
"7",0.471587582722477,0.239720676539543
"7",0.450908569991566,0.227020731059595
"7",0.508877477564915,0.22840169793191
"7",0.462784464631257,0.241449802136602
"7",0.441390976160416,0.227586227685143
"7",0.477141026495743,0.234959914226839
"7",0.516976681783958,0.231836261007857
"7",0.471953920977568,0.246024698130304
"7",0.451103149907965,0.233628936267259
"7",0.485480337335939,0.239038393163172
"7",0.477541733466538,0.241155509110256
"7",0.523261470438723,0.220402681394277
"7",0.479140111165811,0.236216854618743
"7",0.458742463256593,0.224147331316338
"7",0.492013655381992,0.229269228054044
"7",0.484416049206748,0.231370695907697
"7",0.492514645489789,0.235296155887293
"7",0.51239626711793,0.232966694486709
"7",0.467542048399153,0.24621788661394
"7",0.446750823194112,0.233496689472797
"7",0.481267287253516,0.239491773758048
"7",0.473235791637147,0.24146707203887
"7",0.481690563404211,0.245449424631666
"7",0.488318597976641,0.235891298734442
"7",0.522267843437226,0.225159490328558
"7",0.47847626385279,0.240416086948406
"7",0.45822988639418,0.228636738966201
"7",0.491294928925775,0.233439742362263
"7",0.483732323906405,0.235585242108817
"7",0.49178674109672,0.239352259599527
"7",0.498092711064107,0.22959436022162
"7",0.48762365353242,0.239905175978935
"8",0.458889145379907,0.240327385620727
"8",0.444051003533005,0.230719700112987
"8",0.411586082736418,0.231866131817005
"8",0.469198702984967,0.236036692319261
"8",0.43830892075262,0.240486735033019
"8",0.423952217978701,0.229999904315039
"8",0.463165100345466,0.237126118987243
"8",0.431592908443883,0.240818397423283
"8",0.41689598191373,0.229676487888171
"8",0.442839353098161,0.237774005278266
"8",0.469435780423789,0.240417401858767
"8",0.438369270006151,0.244845130626603
"8",0.423929980220341,0.234513997883773
"8",0.449177320513576,0.241442593464332
"8",0.442923977787142,0.242076070155522
"8",0.474418650226543,0.233699066520935
"8",0.443783869150561,0.238839301423497
"8",0.429562880969088,0.228698969951083
"8",0.454238106710137,0.235409767876842
"8",0.448170252761716,0.236061368691375
"8",0.454382787976527,0.239617231970752
"8",0.466419091832219,0.240546480121665
"8",0.435432999440637,0.24458223093681
"8",0.421022538317319,0.234088890605183
"8",0.446328671041771,0.241323484610932
"8",0.440034257365185,0.24187795663422
"8",0.446431101143821,0.245507193213166
"8",0.451540973397953,0.239564722548924
"8",0.473985059226383,0.236641207285142
"8",0.443509638973365,0.241656716200274
"8",0.429362372740109,0.231692031992356
"8",0.453922021173009,0.238185460170311
"8",0.447878939236443,0.238874356587626
"8",0.454064248084866,0.242338804961164
"8",0.459000539341826,0.236291498539061
"8",0.451237666001267,0.242276094978854
"8",0.511130875281397,0.228045253487886
"8",0.47136645199462,0.240261164206189
"8",0.452972688885034,0.229104004431535
"8",0.483416967060008,0.234283070430612
"8",0.476330960255443,0.236021033589673
"8",0.483809469194683,0.23967684132235
"8",0.489695078567245,0.231000027626477
"8",0.480043400593246,0.240056783262649
"8",0.489065023252264,0.234701118518833
"9",0.469228197120583,0.23671589150161
"9",0.440759363382893,0.240957068313832
"9",0.427542538890468,0.231507253018204
"9",0.450608563353979,0.237848400950018
"9",0.444895674120018,0.238411264533746
"9",0.450724776737133,0.241742806612749
"9",0.455387805133709,0.236144478959021
"9",0.448087695419059,0.241650083993508
"9",0.455089941026278,0.238704335821508
"9",0.482109465196049,0.235310454137204
